[
    {
        "source_url" : "refs/heads/main/ShoppingMart_UnstructuredData/reviews.json",
        "sink_folder" : "ShoppingMart_Bronze_Reviews",
        "sink_file" : "ShoppingMart_review.json"
    },
    {
         "source_url" : "refs/heads/main/ShoppingMart_UnstructuredData/social_media.json",
        "sink_folder" : "ShoppingMart_Bronze_Social_Media",
        "sink_file" : "ShoppingMart_social_media.json"

    },
    {
        "source_url" : "refs/heads/main/ShoppingMart_UnstructuredData/web_logs.json",
        "sink_folder" : "ShoppingMart_Bronze_Web_Logs",
        "sink_file" : "ShoppingMart_web_logs.json"

    }
]